Customer ID,Total Sales,Quantity,Total Discount,Total Profit,days_since_first_order
AA-10315,16073.344,30,2356.41984,3362.3669,6072
AA-10375,2734.83,41,120.66560000000001,683.0802,11800
AA-10480,5493.936,36,7.464960000000001,1414.5166,9327
AA-10645,22927.855,64,1878.8337674999998,3996.4945,9449
AB-10015,1984.48,13,11.833600000000002,272.8353,2043
AB-10060,35390.579999999994,56,2944.9280000000003,9505.8993,8625
AB-10105,143857.709,73,1280.93199,69254.7223,12595
AB-10150,3111.242,37,138.11584000000002,1062.3177,7950
AB-10165,3625.514,48,302.39584,879.4304,7871
AB-10255,2397.564,39,184.47984000000002,790.1575,10944
AB-10600,6303.14,38,1040.5382,1451.8144,5909
AC-10420,3059.768,17,489.5628800000001,414.97860000000003,2661
AC-10450,19698.846,43,2039.5098600000003,4611.8994,5325
AC-10615,9504.69,59,783.7601800000001,1924.8835000000001,11057
AC-10660,1458.152,16,217.19672000000003,248.51839999999999,2738
AD-10180,24777.956,40,428.32145999999995,8578.0324,7850
AF-10870,7165.962,51,277.25001999999995,2000.1390000000001,4740
AF-10885,4649.210999999999,37,754.7475099999999,2294.6868999999997,2997
AG-10270,23445.126,58,4.80256,6751.9709,10155
AG-10300,1018.748,16,128.09088000000003,160.763,2752
AG-10330,3681.058,47,257.36428,1057.6233,3514
AG-10390,1214.3029999999999,33,19.23213,576.6648,5169
AG-10495,14294.371,93,1494.07079,3445.2846,8175
AG-10525,4166.418,33,700.45424,1009.9141,2387
AG-10675,14384.3304,54,2781.7050582399997,2083.9741,8266
AG-10765,655.108,20,46.55247999999999,607.3353999999999,2929
AG-10900,25244.515,92,2866.5519375000003,3886.8982,11673
AH-10030,11459.552,54,1287.7555200000002,2331.5422,3996
AH-10075,9664.265,75,1289.03075,2301.5014,16694
AH-10120,7796.518,65,961.7769800000001,3135.3079999999995,14504
AH-10195,7423.324,28,1286.5893400000002,2441.3045,4744
AH-10210,21646.988,53,502.52928,5218.3138,7841
AH-10465,16748.492400000003,35,3107.25929984,4884.499699999999,3046
AH-10585,2623.688,17,350.56128,305.938,2814
AH-10690,54393.22,102,2759.5367,10465.3562,14580
AI-10855,21848.306,72,1601.5276600000002,4671.9340999999995,12909
AJ-10780,29591.118,62,3083.67084,10807.027399999999,11591
AJ-10795,21911.443,88,1903.8606675,6183.026800000001,13029
AJ-10945,10038.331999999999,40,15.441920000000001,3035.476,6687
AJ-10960,2938.476,22,39.70176000000001,253.4115,1343
AM-10360,4061.392,48,180.98272,1768.592,9329
AM-10705,21693.258,81,417.87678,4978.1036,11846
AO-10810,322.56,2,51.6096,24.192,0
AP-10720,10546.858,85,1582.12784,3075.9634,15915
AP-10915,11142.356,102,986.6821600000001,3245.5191,15519
AR-10345,3803.922,18,859.5063,1009.917,2222
AR-10405,13470.816,29,2269.66136,2975.5568,4300
AR-10510,1234.6499999999999,33,70.89588,387.3435,2842
AR-10540,26082.312,33,439.95392,11449.672799999998,4784
AR-10570,233.75,6,0.0,101.06500000000001,0
AR-10825,29193.332000000002,54,3150.67286,4267.6485999999995,11252
AS-10045,9088.88,48,1811.5704900000003,2095.2734,8572
AS-10090,14436.832,81,838.17308,3778.6804,15324
AS-10135,278.58,9,39.628800000000005,97.9224,742
AS-10225,16785.608,41,98.50368,3020.0231,9576
AS-10240,1639.86,39,252.28430000000003,622.141,5816
AS-10285,18818.6,39,285.21408,2264.3052,1398
AS-10630,3433.522,34,324.19311999999996,747.4623,9140
AT-10435,8476.581999999999,28,1305.77942,337.7646,5974
AT-10735,25664.456,60,529.46176,6851.4716,10453
AW-10840,1575.12,24,183.2384,333.3703,5023
AW-10930,11577.904,68,1099.5032800000001,2269.5152000000003,11048
AY-10555,1539.394,34,155.51744000000002,313.1793,6651
AZ-10750,7157.614,40,820.5139,967.7033,5215
BB-10990,1776.6799999999998,26,192.08000000000004,478.09029999999996,5488
BB-11545,44176.952,83,2744.7467200000006,7399.3662,11336
BC-11125,14670.1,60,2283.7846400000003,1383.4288000000001,14200
BD-11320,30758.513000000003,75,1231.33403,7719.718699999999,10181
BD-11500,29908.405,49,821.3288475000002,8413.2105,7013
BD-11560,956.94,11,0.0,312.3388,2001
BD-11605,13147.953000000001,74,444.0612775000001,2702.3489,10594
BD-11620,5871.974,27,734.7033600000001,1184.9603,6667
BD-11635,2444.8979999999997,19,303.91042000000004,621.0288,2451
BD-11725,4384.74,29,37.376,1039.1113,5329
BD-11770,1152.998,21,113.76128000000003,262.8064,1939
BE-11335,22080.816,35,3.34976,8393.6005,4060
BE-11410,10444.278,19,351.28448000000003,3480.9134999999997,1478
BE-11455,5723.464,40,719.76652,668.9886,3436
BF-10975,1710.8260000000002,38,104.09966000000001,706.0356,5229
BF-11005,4541.564,26,832.5174400000001,2202.9779,8285
BF-11020,10065.83,78,1053.74846,2722.3469999999998,21832
BF-11080,1516.59,29,0.0,598.9431999999999,5263
BF-11170,17668.282,102,1578.3676400000002,4162.9683,16371
BF-11215,7672.7300000000005,48,197.9392,2744.7677,5935
BF-11275,2014.5939999999998,11,302.21824000000004,262.695,2528
BG-11035,12180.251999999999,35,2026.9023200000001,6484.6972000000005,6664
BG-11695,8912.74,24,1841.90528,356.7743,4952
BG-11740,4158.848,22,618.6764800000001,478.81309999999996,5574
BH-11710,36995.176999999996,97,4730.151809999999,5174.531800000001,11850
BK-11260,3224.334,58,326.18958,1380.0524,4807
BM-11140,88175.266,64,19439.25484,14635.438900000001,7260
BM-11575,2219.23,22,187.37888,571.6264,3189
BM-11650,33457.263,95,333.0751975,9964.550299999999,20259
BM-11785,7648.5560000000005,44,1209.7903600000002,1268.3091,7388
BN-11470,1030.368,15,163.15008,132.54309999999998,2311
BN-11515,7124.296,79,140.34816000000004,1711.3166,8720
BO-11350,14997.892,43,650.6871200000002,3653.212,4324
BO-11425,635.91,7,0.0,291.05940000000004,767
BP-11050,5075.7,30,8.556799999999999,1313.2418,5217
BP-11095,8605.64,70,873.8235000000001,1701.5113,11486
BP-11155,5108.772999999999,32,24.42123,2033.8233,5174
BP-11185,26123.013,69,3808.7001300000006,4618.1833,11423
BP-11230,5467.89,14,1227.564,1424.1555,4432
BP-11290,10305.615,51,1766.2565100000002,1537.4493,12665
BS-11365,71586.331,39,558.87489,18075.8188,3940
BS-11380,18330.094,58,3143.78992,5079.0936,12145
BS-11590,12280.72,41,1636.4549000000002,2117.7555,4907
BS-11665,21697.754,47,2268.87872,1847.792,5696
BS-11755,8652.13,45,682.1230700000001,1404.3878,11571
BS-11800,2892.65,22,0.0,604.594,3366
BT-11305,11322.372,33,1191.58272,1691.4995999999999,4207
BT-11395,14218.759000000002,38,550.0850900000002,1544.1700999999998,2965
BT-11440,1181.248,16,152.91998,332.9776,1571
BT-11485,977.7639999999999,11,19.41504,315.1818,75
BT-11530,13156.112,44,1699.31904,1907.6941,7725
BT-11680,14303.492,88,1303.20112,3790.7044,8621
BV-11245,5527.4310000000005,49,464.42831,1187.6312,5943
BW-11065,1141.928,8,178.03008000000003,281.17519999999996,1546
BW-11110,12220.504,74,1062.6674400000002,3017.5126,8259
BW-11200,13533.47,49,1589.3120800000002,1917.6415000000002,6148
CA-11965,12157.8436,29,625.17267456,4353.608499999999,7018
CA-12055,7418.928,49,718.6252800000001,1883.3258999999998,2582
CA-12265,13714.2656,65,478.39267776,2794.7243,13840
CA-12310,4447.046,25,282.28896,885.7002,6571
CA-12775,15507.748,72,1894.06298,3232.9175,8396
CB-12025,41043.093,122,4043.3320400000002,8635.2071,20448
CB-12415,7603.296,44,1471.8911800000003,1605.9017000000001,3301
CB-12535,29645.2295,74,717.7942262500001,7552.462299999999,6931
CC-12100,6823.589,46,553.8487100000001,941.5304,3859
CC-12145,8074.646,31,954.4885600000002,1402.6174999999998,3890
CC-12220,20295.602,81,3067.7059400000003,3275.7828,15970
CC-12370,50632.1,34,10653.4931,9797.4997,1837
CC-12430,10977.626,63,1024.5156000000002,2476.6827,9400
CC-12475,5413.946,40,812.60526,951.5106000000001,12742
CC-12550,502.44,14,29.587200000000003,181.4028,509
CC-12610,9588.551,39,492.55241000000007,2717.0502,6676
CC-12670,11513.673499999999,47,1348.4871362499998,1125.1911,7166
CC-12685,11196.155,51,669.8198500000001,3558.6855,4535
CD-11920,6839.376,35,286.00576,1597.9378,9142
CD-11980,3783.49,22,165.86175999999998,2477.1866,803
CD-12280,4402.396,39,265.61400000000003,1368.1816,65
CD-12790,6431.872,49,402.76992,1338.0505999999998,10476
CG-12040,2684.022,37,393.46132,545.5574,4069
CG-12520,3549.6600000000003,14,195.84768000000003,1319.5611999999999,1249
CH-12070,4326.8640000000005,13,596.3302400000001,631.1755,355
CJ-11875,82.6,5,13.216000000000001,8.26,0
CJ-12010,51872.454,83,5311.151535999999,9517.9658,4724
CK-12205,9811.048999999999,122,1564.6661900000001,2381.6976999999997,23060
CK-12325,13033.421,46,1549.7427299999997,2246.4247,9050
CK-12595,13488.562,108,1881.02842,3635.0306,12429
CK-12760,7568.259,64,1129.10959,3656.2776999999996,11488
CL-11890,4763.058,24,97.73568,1636.8547,6497
CL-12565,50070.518000000004,106,5058.554880000001,8937.9553,19255
CL-12700,16734.525999999998,34,2024.2813600000002,3221.8498999999997,1450
CM-11815,8605.672,38,740.58112,951.9051999999999,7384
CM-11935,2248.416,18,359.7465600000001,357.21999999999997,360
CM-12115,9233.61,35,649.7216000000001,1944.8191000000002,5034
CM-12160,13548.326,23,2119.6809400000006,2208.718,1839
CM-12190,4329.24,21,82.4652,374.9641,3208
CM-12235,13777.02,28,2137.3824,1684.1354999999999,784
CM-12385,49465.568,34,2670.4384000000005,21473.5588,4449
CM-12445,1080.05,32,85.20070000000001,366.2952,5952
CM-12655,39585.066399999996,42,1713.1450982400002,12233.4513,4322
CM-12715,22161.164399999998,57,3791.2350510399997,1554.6824,2195
CP-12085,25762.062,57,380.08832000000007,1711.58,9064
CP-12340,27833.135000000002,59,5633.366550000001,12142.8315,8574
CR-12580,21937.16,32,3337.9776,892.4241,1506
CR-12625,2173.52,14,0.0,655.4372,921
CR-12730,5985.16,18,276.1746,1433.7902000000001,4011
CR-12820,5326.3404,26,478.83428864000007,1208.9364999999998,5223
CS-11845,4780.458,22,679.87648,822.4804,5029
CS-11860,1159.288,16,171.13088000000002,248.5045,4123
CS-11950,12378.123000000001,68,2137.33125,2481.0015000000003,15160
CS-12130,4591.556,28,497.3401600000001,622.6297000000001,2422
CS-12175,3808.642,30,312.45252000000005,881.2075000000001,6374
CS-12250,13532.672,97,192.55552,3549.1384000000003,19512
CS-12355,13292.058,74,943.3932800000001,3419.3186,15330
CS-12400,12133.7315,47,1538.4431262500002,2720.4371,12036
CS-12460,1476.8880000000001,13,71.81568000000001,434.3695,612
CS-12490,5907.6435,33,1356.9562362500003,2028.4364999999998,2161
CS-12505,26668.831,40,5003.9320099999995,34796.2367,6935
CT-11995,12281.756000000001,60,1304.5416400000001,3434.0195,9466
CV-12295,10505.908,54,571.39968,1975.0265,10534
CV-12805,9291.9704,62,1374.55119824,2161.1139000000003,4782
CW-11905,6943.416,40,47.407360000000004,2518.0328,5796
CY-12745,14131.026,43,2134.42176,2987.4314999999997,6539
Co-12640,5447.111999999999,30,248.99968,1275.0892000000001,2098
DA-13450,612.688,27,44.410880000000006,218.2964,2586
DB-12910,10968.752999999999,47,708.0637825,2839.2545999999998,9159
DB-12970,11410.4192,43,661.6826203200001,1510.8468999999998,5562
DB-13060,20617.746,48,1337.51104,6089.7296,11909
DB-13120,21079.214,59,4180.30224,10845.9902,3333
DB-13210,7715.0470000000005,75,919.49217,1736.0567,12821
DB-13270,23477.238999999998,52,1533.1201899999999,5046.0902,11371
DB-13360,4079.79,28,236.68114000000003,1102.5317,2969
DB-13405,9280.316,62,46.229760000000006,2556.5042,6011
DB-13555,19239.6436,61,2226.9287833599997,2422.201,11735
DB-13615,5846.002,41,743.6915200000001,1629.3935999999999,7691
DB-13660,4062.722,33,337.77792000000005,1338.6087,9650
DC-12850,17688.786,64,3387.9676600000003,9129.210299999999,15255
DC-13285,6420.232,37,796.73963,1392.5700000000002,2935
DD-13570,872.442,33,42.873920000000005,397.0456,7074
DE-13255,21287.989999999998,38,45.962880000000006,4243.914,2870
DF-13135,9182.742,23,1422.59132,2895.1339000000003,1897
DG-13300,29704.318,39,1208.8076800000001,6394.7719,3996
DH-13075,24698.260000000002,81,1683.5392,6443.1352,8198
DH-13675,4896.632,41,661.0535600000001,633.3834,1189
DJ-13420,9088.92,20,0.0,2281.5778,1087
DJ-13510,10026.612,52,1169.1002200000003,1699.4997,9219
DJ-13630,34403.29,43,1136.6382600000002,8248.7454,3963
DK-12835,15301.932,86,408.2228800000001,5874.8904,22693
DK-12895,21440.548,65,910.1452800000001,4543.7716,8398
DK-12985,7013.54,32,959.5352,1473.7638,5275
DK-13090,6756.621,33,684.68221,1573.3973,8183
DK-13150,4563.456,20,489.90336000000013,1328.8329,3333
DK-13225,19404.574,70,1359.1380800000002,4448.9058,14500
DK-13375,11888.478,77,387.73558,2493.8725,16345
DL-12865,6384.652,51,909.8726200000001,1147.8233,9746
DL-12925,8710.71,43,649.995,2916.9552,5907
DL-13315,6141.882,74,401.87992,1765.1486,13237
DL-13330,1857.308,32,29.319679999999998,680.2126000000001,4151
DL-13495,16085.122000000001,33,2145.0355200000004,2938.1578,3536
DM-12955,6610.814,28,939.1442400000001,528.3907,3853
DM-13015,29688.541,87,2849.77765,8897.9559,11084
DM-13345,12378.124,41,402.72632,5360.825400000001,9296
DM-13525,4615.407999999999,33,163.17858,730.8027999999999,4111
DN-13690,11613.210000000001,41,6.656000000000001,2929.7365000000004,3914
DO-13435,4280.1224999999995,48,529.1835937500001,979.605,6837
DO-13645,5806.62,36,520.6656,1611.8092000000001,7060
DP-13000,5452.964,58,244.10266000000001,2648.6059999999998,13009
DP-13105,12798.41,63,1862.8928000000003,3921.6195,7398
DP-13165,5297.248,20,770.78528,892.7295999999999,312
DP-13390,17390.308,50,2661.3991800000003,6888.207,6277
DR-12880,30880.19,103,1873.6835200000003,8704.6087,11875
DR-12940,65092.944,57,703.87296,29850.519999999997,9389
DS-13030,4261.293,54,365.8339075,1149.8772999999999,15624
DS-13180,13318.1116,68,1423.40856456,2020.1833,15308
DV-13045,6156.894,28,1415.0246150000003,2672.9678000000004,3317
DV-13465,12663.733,62,633.13773,1289.3903,10864
DW-13195,5877.611,39,764.47763,1611.5294,6421
DW-13480,26689.384,38,421.59744,7401.6772,5368
DW-13540,1012.3520000000001,21,54.74304000000001,227.2616,3592
DW-13585,6212.154,44,1113.58104,3046.1666,6719
Dl-13600,2305.022,19,201.55166000000003,561.9904,3250
Dp-13240,30000.237,99,4741.43731,11544.149000000001,27142
EA-14035,9820.135,87,1288.5658899999999,4593.5864,10425
EB-13705,17944.146,55,3077.9635000000003,2684.3605,7116
EB-13750,20634.981999999996,91,1894.17832,4560.6164,10610
EB-13840,31464.976,41,375.35967999999997,5612.3408,6296
EB-13870,10715.329000000002,41,1000.3723300000001,1864.8223,6998
EB-13930,3743.6480000000006,24,594.59808,627.5981999999999,4686
EB-13975,7082.421,18,1133.8016100000002,713.9075,2046
EB-14110,9517.138,30,1840.3171800000002,1133.8022,4327
EB-14170,5476.734,20,230.92736,1268.5865,2481
EC-14050,2337.526,37,4.60656,560.2135999999999,5249
ED-13885,32428.616,54,2773.4332600000007,7617.0779,10963
EG-13900,7031.192,44,739.56818,2495.9536,4013
EH-13765,37836.828,120,1664.5287200000002,6483.123,24680
EH-13945,3732.975,72,474.85413000000005,1500.9918,11990
EH-13990,3135.1299999999997,20,220.62248,756.2298999999999,4141
EH-14005,6331.549999999999,50,885.53008,3781.8614,9537
EH-14125,16399.171,76,2287.93369,5042.8862,11417
EH-14185,2076.988,22,283.66718000000003,629.5793,3345
EJ-13720,11744.286,31,512.3750400000001,3975.9644,3471
EJ-14155,8063.4130000000005,31,531.2346299999999,1914.5911,7806
EK-13795,12240.316,18,1536.0269099999998,770.2804,2601
EL-13735,436.86,9,0.0,146.4978,540
EM-13810,11291.838,23,1773.3395200000002,1886.1203,1310
EM-13825,8897.378,57,336.53664000000003,2929.5884,9589
EM-13960,2285.688,18,272.22528000000005,289.54359999999997,830
EM-14065,645.778,22,67.48416,302.0698,3764
EM-14095,4188.214,34,374.5190400000001,839.6744000000001,2913
EM-14140,17905.672000000002,74,337.4259200000001,5829.8233,15249
EM-14200,1979.358,13,379.36888,98.3821,1507
EN-13780,6392.73,27,33.3248,1535.9977,2621
EP-13915,27271.5096,124,4353.11772336,7548.539,29908
ER-13855,10118.416000000001,27,2245.22176,3165.9622,1217
ES-14020,21241.694,31,3266.39744,6924.1037,5272
ES-14080,21539.016,77,3847.12744,3804.3531000000003,9804
FA-14230,9508.54,58,1429.4764400000001,2124.7167,7991
FC-14245,18887.814,50,249.52864000000005,7238.0464,8009
FC-14335,18402.594,37,1345.30304,3769.0866,4443
FG-14260,7905.304,48,376.44694000000004,2585.7045000000003,8816
FH-14275,15720.056,65,1393.22404,4222.836,17280
FH-14350,9455.726,52,188.21148000000002,3149.3764,3691
FH-14365,43334.981999999996,52,1670.38092,14514.846,7987
FM-14215,9588.234,48,1423.2846399999999,1604.1635999999999,9647
FM-14290,29930.142,79,1844.57072,8020.088299999999,18996
FM-14380,10407.382,53,1025.67422,2299.6718,5041
FO-14305,14643.394,60,617.4450400000001,2504.1457,12207
FP-14320,18000.294,54,2659.5683200000003,3386.1416999999997,5562
FW-14395,269.23,9,0.0,76.54570000000001,1185
GA-14515,18171.608,48,1301.5807200000002,3680.6014,9381
GA-14725,5117.588,79,496.46819000000005,2036.7606999999998,16652
GB-14530,4561.086,62,633.4439600000001,1234.2513,12967
GB-14575,22728.068,63,49.35168,4778.8271,3234
GD-14590,17635.466,25,1577.8436800000002,5083.8213,4175
GG-14650,9738.628,92,640.2789800000002,1898.7277000000001,13537
GH-14410,9812.515,65,1487.00429,4444.7443,12003
GH-14425,15638.430000000002,51,2360.9116000000004,4793.8579,4469
GH-14485,8855.748000000001,15,1510.7548800000002,1817.0123999999998,854
GH-14665,416.64160000000004,9,75.74649855999999,43.9706,1544
GK-14620,30625.494000000002,66,4051.2531200000003,5261.299300000001,7457
GM-14440,15675.887999999999,43,1824.02312,2009.8128,7391
GM-14455,15357.1,54,1474.59712,4627.0378,10399
GM-14500,7516.305999999999,53,459.97456000000005,3028.8842999999997,7416
GM-14680,12467.116,31,2044.50592,1336.1591,3967
GM-14695,26599.094,44,737.3286400000002,1404.1351,5743
GP-14740,1115.1599999999999,21,56.586600000000004,499.73679999999996,2396
GR-14560,7827.68,23,0.0,2218.068,2
GT-14635,36842.332,26,9007.304479999999,16946.9909,3011
GT-14710,73016.052,106,8820.451420000001,11026.6415,21937
GT-14755,749.92,23,95.03359999999999,560.338,3676
GW-14605,11015.205,43,994.1251500000001,4203.8141,5732
GZ-14470,16404.052,48,887.5681200000001,4285.2233,9108
GZ-14545,12248.006000000001,25,173.92896000000002,4249.5302,3953
HA-14905,8742.832,45,934.5056000000001,2020.3966,7626
HA-14920,11728.766,72,868.2089599999999,2443.2341,10452
HD-14785,1468.832,31,198.94751999999994,1771.6208,2296
HE-14800,4202.288,44,100.16768000000002,1349.3832,4931
HF-14995,10052.244,70,1364.577965,2237.7578,11252
HG-14845,3357.232,31,505.96572000000015,930.055,8937
HG-14965,16023.126,68,1668.54296,15946.264700000002,9934
HG-15025,15864.144,38,1720.96488,3740.7641,7425
HH-15010,689.336,20,7.79776,307.83079999999995,4588
HJ-14875,1146.292,21,56.98432000000001,325.04879999999997,2568
HK-14890,20930.812,64,2483.56448,7061.6371,11804
HL-15040,44296.445999999996,50,5.00736,18406.3404,4734
HM-14860,51263.6096,76,2729.82920336,20503.8958,13808
HM-14980,3920.8599999999997,29,471.00800000000004,636.4059,2039
HP-14815,10230.724,45,861.7786400000001,3392.5575,7045
HR-14770,5337.016,38,79.11936000000001,712.5584,12579
HR-14830,23431.209,51,3196.01653,5090.204600000001,5139
HW-14935,61663.318,85,1640.53118,15264.8721,10061
HZ-14950,4196.464,21,685.93152,704.2909000000001,2777
IG-15085,2322.214,19,0.21504000000000004,1003.1877999999999,4075
IL-15100,35323.844,60,371.74144000000007,7977.951,8040
IM-15055,14354.689999999999,19,2246.6240000000003,4880.6145,2938
IM-15070,38454.96399999999,93,938.56674,7200.9899000000005,7913
JA-15970,39371.362,87,6085.07792,8894.1203,14817
JB-15400,3654.377,43,382.59147,1339.565,10713
JB-15925,4082.6319999999996,32,512.9243200000001,2187.2936,2676
JB-16000,2095.1236,32,172.85779456,656.1241,3140
JB-16045,16699.999,32,261.97191,2264.9521,3638
JC-15340,225.04299999999998,12,10.661230000000002,54.885799999999996,3319
JC-15385,6835.0960000000005,14,7.413760000000001,3318.1,0
JC-15775,11954.953,64,1548.0768175,1795.7696,11072
JC-16105,4698.9400000000005,43,505.6832,1111.7372,5722
JD-15790,11656.744,26,1792.1318400000002,2221.5053,3961
JD-15895,47401.524000000005,150,1714.2937600000002,13364.1924,19739
JD-16015,1732.4319999999998,39,132.53432000000004,371.0121,6347
JD-16060,2275.814,17,45.264239999999994,480.3559,3752
JD-16150,43088.3915,60,1245.67652625,9688.164900000002,8413
JE-15475,4406.866,49,76.93696000000001,968.2139,7515
JE-15610,31911.844,74,2129.8418400000005,9897.6193,11746
JE-15715,44639.969000000005,97,4363.49185,8603.5954,15076
JE-15745,31595.375,90,4658.0793275,6033.3767,16915
JE-16165,21268.312,34,13.393920000000001,6288.0778,1008
JF-15190,9106.818,72,515.89038,2652.3135,13658
JF-15295,2683.34,42,224.71040000000005,459.3166,9039
JF-15355,7396.784,58,761.6038400000001,1603.0716,4904
JF-15415,11892.476,69,1355.45856,3533.1115999999997,12215
JF-15490,3332.1259999999997,36,485.2359000000001,463.71310000000005,7867
JF-15565,22860.012000000002,67,1337.5774600000002,7935.7374,10451
JG-15115,6906.656,20,265.07186,2603.0645,1769
JG-15160,24343.932,70,1886.6956800000003,5328.0142,13597
JG-15310,11289.876,46,1033.57286,1054.1324,3262
JG-15805,7940.782,46,237.00992,1068.5713,4912
JH-15430,1176.263,29,230.77163000000002,444.98969999999997,6894
JH-15820,2345.238,29,305.06736,468.1534,5435
JH-15910,3487.511,35,364.04641000000004,978.7871,3983
JH-15985,80520.042,64,15762.089280000002,32738.7854,10794
JH-16180,16518.346,28,2579.72512,1972.5346,1338
JJ-15445,2830.426,25,24.39936,777.098,1531
JJ-15760,842.28,11,95.968,130.7584,64
JK-15205,49129.406,67,191.57616000000002,14734.8636,10748
JK-15325,2024.172,15,214.62912000000003,292.09409999999997,1284
JK-15370,13002.4,72,1504.7079400000002,1714.7322,12659
JK-15625,14659.468,44,1625.4796800000001,2213.8077,5814
JK-15640,22953.314,41,2428.70144,4833.4023,6293
JK-15730,22279.266,88,3884.07859,3128.7583,7315
JK-16090,15712.54,43,451.7309000000001,6399.779500000001,4536
JK-16120,14825.184,49,1836.2544,4403.3184,10640
JL-15130,6641.416,42,1511.4054400000002,1740.7677999999999,10012
JL-15175,6864.835,29,1022.74075,995.2075000000001,3760
JL-15235,11410.880000000001,39,1677.8688000000002,1389.7236,6795
JL-15505,13298.646,56,790.8313600000001,2694.6661,12052
JL-15835,47692.295,143,7045.6544699999995,12951.3734,28515
JL-15850,9215.956,38,618.63656,2758.002,3847
JM-15250,19036.886000000002,91,1321.68416,5553.1253,6383
JM-15265,9801.506,52,222.65536000000003,3451.4409,5983
JM-15535,10786.422999999999,46,486.9778375,2657.6594999999998,4567
JM-15580,1348.408,26,156.34688000000003,500.23760000000004,1191
JM-15655,3613.0370000000003,41,521.0578700000001,686.6236,11840
JM-15865,46694.978,50,2281.45738,11267.4872,6394
JM-16195,13063.454000000002,74,371.59424000000007,3429.7263999999996,11429
JO-15145,18434.049,59,902.7305775000001,3660.8289000000004,9912
JO-15280,8109.848,36,1219.92548,1071.98,7258
JO-15550,5233.506,42,800.7653600000001,978.7889,2188
JP-15460,7139.939,54,135.07549,2135.1917000000003,10540
JP-15520,13103.388,63,525.96639,2937.3466,9342
JP-16135,7998.226000000001,47,746.7749599999999,1431.6972,9179
JR-15670,6382.766,14,874.1244600000001,5511.946500000001,144
JR-15700,2591.64,3,414.66240000000005,323.955,0
JR-16210,13315.346,41,1694.26376,3459.4764,5023
JS-15595,7131.394,35,1277.1255400000002,1772.5621999999998,5222
JS-15685,3721.2039999999997,42,605.3728,865.5776,3635
JS-15880,32804.772,43,643.5863360000001,6429.009,5540
JS-15940,2705.591,37,557.0413900000001,2484.4444,4550
JS-16030,10783.354,70,712.7243399999999,6202.2197,17639
JW-15220,42337.594,66,5652.592640000001,13191.767,6945
JW-15955,5398.918,41,400.8557800000001,1483.9750999999999,6396
JW-16075,8867.233,38,1410.0853300000003,2841.9533,1648
KA-16525,7631.014,57,508.64384000000007,2180.189,10472
KB-16240,14079.311,34,131.03441,3714.1866,9430
KB-16315,4135.586,62,646.1560400000001,900.4197,6362
KB-16405,3107.117,25,61.614090000000004,1114.7408,3920
KB-16585,18572.451999999997,102,1711.5637199999999,3977.8561,12427
KB-16600,4184.434,29,20.79776,1207.3572000000001,6775
KC-16255,11110.694,40,10.365440000000001,4753.1803,4314
KC-16540,47868.549999999996,28,50.201600000000006,8796.265099999999,1698
KC-16675,6852.246,40,825.4745600000001,1222.0395,4966
KD-16270,52023.746,64,2872.91904,28357.953400000002,4589
KD-16345,7036.84,36,488.2251,1862.7822,4603
KD-16495,27184.274,84,514.9317900000001,11126.5654,16454
KD-16615,8477.026,56,787.4329600000001,2076.7497000000003,3314
KE-16420,9969.8136,67,547.6819377600001,3045.2864999999997,7829
KF-16285,65603.558,67,8233.940480000001,8579.2984,15551
KH-16330,14241.008,70,1570.68328,2131.7911,13605
KH-16360,13666.028,40,462.55448,3291.1045000000004,10299
KH-16510,35862.659,91,4367.4396275,4439.0794,17487
KH-16630,25264.714,84,1713.5782400000005,4167.3174,8400
KH-16690,38705.553,69,1649.0698300000001,9939.781500000001,7378
KL-16555,22615.822,84,3794.2286800000006,4780.5136999999995,16018
KL-16645,74912.31300000001,113,3839.8530100000007,9747.7524,18313
KM-16225,8951.142,72,2.33472,2405.3387,8828
KM-16375,21907.03,69,1862.6287,7230.522599999999,10943
KM-16660,1735.562,30,100.63232,365.4173,5498
KM-16720,18430.324,98,1066.47294,4094.1859000000004,13883
KN-16390,9787.936,56,1663.63282,1912.7314,9301
KN-16450,20760.608,49,2842.819377500001,2966.8651,2631
KN-16705,9633.18,55,343.68640000000005,3443.9025,10437
KS-16300,171.12,10,26.855200000000004,58.464,1635
KT-16465,13316.692,45,2458.28842,1095.2972,4646
KT-16480,19008.4604,37,3896.18254864,2274.2115,9227
KW-16435,25930.364,42,140.92578,11150.83,4295
KW-16570,1902.8359999999998,22,66.44736,495.1928,1238
LA-16780,36967.374,105,1347.8336000000002,9331.7799,16336
LB-16735,264.46799999999996,12,21.853120000000004,112.6413,750
LB-16795,17830.586,76,1675.2027600000001,9295.2632,20208
LC-16870,10565.964,113,1125.35494,4078.4667,16929
LC-16885,35295.882,93,5598.48532,7599.7469,17152
LC-16930,32752.649999999998,52,5528.7364,2391.0112,12019
LC-16960,25956.994,30,4082.4845400000013,2707.633,1975
LC-17050,9509.266,43,1179.98821,2051.2212,6884
LC-17140,15642.588,62,255.02668,3473.4518000000003,13156
LD-16855,15.912,3,2.5459200000000006,1.3923,0
LD-17005,13983.318000000001,25,18.426880000000004,3751.9848,2146
LE-16810,4128.16,32,389.0818,942.4636999999999,6075
LF-17185,27578.110999999997,69,3705.5636099999992,31253.2514,6396
LH-16750,1415.094,12,227.40053999999998,102.7673,1992
LH-16900,13230.76,64,474.75770000000006,3376.4323000000004,8331
LH-17020,1334.261,34,213.83209,1098.0259,3851
LH-17155,4530.177,44,446.95729000000006,1036.4171999999999,8972
LL-16840,18254.692,50,35.20512,3723.9506,5629
LM-17065,8755.438,32,938.81088,1709.0203999999999,2439
LO-17170,3115.418,34,56.117999999999995,1037.8228,6273
LP-17080,2898.13,39,375.84,559.0645,8259
LP-17095,12451.675,52,1764.30935,1847.57,3553
LR-16915,18527.648,64,2434.2084800000002,3777.6274,8556
LR-17035,9707.384,44,1771.93116,2709.7783,6879
LS-16945,9988.51,51,1806.7153600000001,3706.7906999999996,8141
LS-16975,10728.378,63,763.4544000000001,2699.6999,14500
LS-17200,5655.048,54,110.75968,1530.1273999999999,8483
LS-17230,889.3080000000001,16,109.76088000000001,235.0864,2932
LS-17245,4534.407999999999,47,241.35808000000003,1601.6804,4107
LT-16765,788.044,8,100.19584000000002,156.9496,1443
LT-17110,15159.493999999999,63,1520.0167175000001,2873.1058,8473
LW-16825,7637.243,50,407.03713,2685.6203,6523
LW-16990,15203.332,38,333.31712,3369.9131,3890
LW-17125,5006.4,15,0.0,652.9476000000001,3359
LW-17215,28868.738,59,2381.89736,4184.0397,11277
MA-17560,15627.023000000001,117,1600.76869,3808.0864,16256
MA-17995,9637.288,42,1087.4628200000002,1121.9242,4647
MB-17305,4798.76,63,519.45706,1022.3564,12386
MB-18085,5970.723,39,779.8458300000001,1516.0463,9865
MC-17275,15318.284,54,1042.6458,2767.753,4370
MC-17425,29370.074,48,547.41632,13113.818500000001,7070
MC-17575,5340.713,40,363.05671,1155.4185,7484
MC-17590,9329.275,47,1376.7056699999998,1861.4727,7833
MC-17605,6903.656,60,974.8388,1064.2438,9932
MC-17635,3619.314,33,139.64384,1345.0461,3683
MC-17845,14071.894,45,488.97184000000004,2661.6022,8252
MC-18100,12377.539999999999,73,1558.3016,1492.9074,13585
MC-18130,4768.01,34,600.3136000000001,422.4569,6523
MD-17350,21171.49,64,2086.1868000000004,2037.969,8440
MD-17860,8528.038,45,178.89408000000003,561.6583,4959
ME-17320,71594.296,82,6797.506160000001,12279.0339,15160
ME-17725,5672.8436,46,612.78103776,1443.1942,9387
ME-18010,2587.408,15,334.62528000000003,306.116,1625
MF-17665,5061.127,36,632.91417,3026.4709,3914
MF-18250,6443.6,38,335.10400000000004,1700.8164000000002,8082
MG-17650,18764.464,57,2425.62304,3115.9610000000002,12132
MG-17680,5122.49,25,780.50961,986.4048,8746
MG-17695,7335.325999999999,23,238.26175999999998,1122.7732,873
MG-17875,6368.874999999999,23,1446.2973499999998,3928.0447999999997,3854
MG-17890,2456.41,35,77.62295,824.1456000000001,7955
MG-18145,15779.545,42,1051.44295,3035.1096000000002,6649
MG-18205,74.857,8,12.639970000000002,18.5199,0
MH-17290,11500.661,55,1619.6875075,2384.2084,11122
MH-17440,1393.38,25,224.8184,163.6422,3037
MH-17455,10914.598,45,462.1272000000001,2637.5617,7692
MH-17620,4925.628,19,771.4764800000002,539.4872,2372
MH-17785,11665.506,42,960.6489600000001,1204.2252,4527
MH-18025,11361.212,31,257.44538000000006,1893.0472,7292
MH-18115,27075.779000000002,79,3369.4497900000006,6482.366599999999,5392
MJ-17740,24600.041999999998,50,3246.3560000000007,4734.0649,5872
MK-17905,10500.652,73,703.84842,7030.908899999999,10734
MK-18160,4475.314,43,200.26104,1160.9370000000001,7342
ML-17395,11691.189,72,233.9052,4008.1248,9364
ML-17410,13091.259999999998,51,1300.7612,4691.3333,12252
ML-17755,13095.562,53,964.4403200000002,2606.1564,3201
ML-18040,3441.726,18,45.47296,702.0986,470
ML-18265,334.736,7,4.930560000000001,86.4852,1688
MM-17260,3299.679,17,444.17601,757.3194,4966
MM-17920,13426.798,68,1389.5911600000002,4007.7514,13305
MM-18055,14340.709,73,2184.96987,7088.9177,13263
MM-18280,1897.766,32,250.49346000000003,488.05060000000003,9805
MN-17935,10980.394,36,849.8662400000001,2054.8855,7689
MO-17500,2774.811,15,441.98931000000005,508.7369,3028
MO-17800,6588.549,49,300.03753,1407.2069,5705
MO-17950,607.152,14,97.14432000000002,176.1428,823
MP-17470,14941.416000000001,77,1749.23826,3069.7403,5278
MP-17965,12823.93,62,504.02542,2511.4714999999997,6075
MP-18175,18901.213,78,915.534875,4663.2071000000005,16043
MR-17545,2570.198,29,145.60768,716.6103,4340
MS-17365,49281.03,105,4303.81762,10219.6271,10142
MS-17530,1125.7599999999998,21,24.439680000000003,292.5826,2544
MS-17710,6480.402,48,683.323,2028.8721999999998,8358
MS-17770,12783.678,73,1433.8076800000001,2457.6436,8845
MS-17830,942.248,14,123.54808,205.5828,2256
MS-17980,4847.023999999999,49,771.7406400000001,703.691,7672
MT-17815,20572.729,31,24.643990000000002,3481.7418,2883
MT-18070,5537.710599999999,44,730.00886206,867.2233,5419
MV-17485,7221.042,52,792.27696,1449.8174000000001,11559
MV-18190,10093.044,37,1343.1103500000002,1426.8772,8416
MW-18220,27995.746,51,1547.33228,8322.7014,3497
MW-18235,26625.347999999998,13,921.5884800000002,10102.4964,1275
MY-17380,13014.215,49,487.16935000000007,3077.5297,5715
MY-18295,24715.658,89,4317.649144,4960.9251,14839
MZ-17335,1558.7740000000001,11,54.48704000000001,238.0425,1929
MZ-17515,6118.414000000001,39,685.0764800000002,1872.7859,5266
NB-18580,951.536,7,69.09696000000001,84.75999999999999,26
NB-18655,8460.447,66,1234.1160300000001,2672.1921,11666
NC-18340,6911.208,54,144.31384000000003,1636.1339,11535
NC-18415,10929.03,38,1717.7450999999999,14239.3992,10248
NC-18535,28227.493000000002,64,3129.0697900000005,5162.3654,9086
NC-18625,8256.098,29,1630.99218,2898.6414,4540
ND-18370,29130.275,63,2681.01595,5652.5189,16155
ND-18460,19736.295,36,1743.30435,3139.2958,4405
NF-18385,35217.768,52,4165.70526,11939.7104,10319
NF-18475,1136.67,13,94.72000000000001,412.3524,1535
NF-18595,9019.74,55,845.4272000000001,1854.8943000000002,5175
NG-18355,5915.508,45,456.02416000000005,1592.9887,8884
NG-18430,6321.994,41,607.58144,1622.4963,4696
NH-18610,15362.457999999999,52,83.32288,4453.573,8467
NK-18490,4121.336,51,623.90016,682.3281000000001,6824
NL-18310,8226.894,44,596.81024,1971.1033,7761
NM-18445,18328.384,44,417.57070000000004,7186.5487,4678
NM-18520,10892.477,60,83.07119000000002,4460.5851,3625
NP-18325,20910.804,77,1712.89616,5984.5684,7373
NP-18670,23492.502,46,8.95872,3359.6744,7561
NP-18685,2581.098,23,71.16788000000001,1098.2137,4563
NP-18700,65829.8275,63,8689.120066250001,5328.399600000001,5997
NR-18550,6931.311,37,1097.92931,1791.6112,11259
NS-18505,7493.773,52,1323.40313,1009.9262,1863
NS-18640,12816.677,113,1906.07651,4149.4608,18221
NW-18400,38006.543999999994,78,4370.366480000001,12728.63,7316
NZ-18565,7892.362,77,790.5048200000001,1842.1879999999999,13433
ON-18715,6791.932,58,805.7280000000001,2129.5836,4045
OT-18730,19592.744,51,2807.1007400000003,8116.168900000001,5284
PA-19060,3339.192,27,391.58272,1040.5088,4132
PB-18805,4199.3,54,319.12960000000004,1435.0849,5050
PB-19105,5655.964,18,892.19584,1870.8879000000002,3659
PB-19150,9778.53,54,517.8176000000001,2147.4084000000003,3261
PB-19210,677.9340000000001,10,30.147840000000002,68.4882,445
PC-18745,12412.236,22,1796.40936,1778.0346000000002,3150
PC-19000,6455.072,18,1028.5107200000002,1163.2696,960
PF-19120,47934.368,75,7065.49992,12307.8717,7298
PF-19165,15374.72,34,926.5500000000001,5507.2407,5475
PF-19225,7320.408,32,220.84608000000003,2483.2960000000003,2453
PG-18820,11884.103,83,602.0792299999999,5320.9207,20562
PG-18895,6894.46,61,325.04704000000004,1989.9175,11852
PH-18790,2188.944,6,350.23104,143.6634,0
PJ-18835,3931.258,46,114.49088,1386.0993,9161
PJ-19015,10634.006,25,29.90336,4505.7555,7786
PK-18910,6663.0960000000005,14,1400.70654,3999.723,1766
PK-19075,50903.85,107,6758.4236,11718.6604,18862
PL-18925,847.665,29,95.60335,338.8837,5429
PM-18940,8484.874,16,188.92734,1241.28,1470
PM-19135,27701.81,36,1354.012,5563.8435,1984
PN-18775,5464.492,47,458.8211200000001,938.5344,7128
PO-18850,69297.41059999999,91,11429.06392776,7028.8261,15443
PO-18865,10657.413999999999,54,812.7014400000002,1890.6875,12391
PO-19180,16115.225,65,1128.03285,4017.4429,5548
PO-19195,4105.498,32,464.04368,898.3795,6006
PP-18955,44271.472,138,1149.9637400000001,10329.757,19489
PR-18880,6791.002,43,852.1203200000001,1081.3866,9649
PS-18760,9411.219000000001,75,772.97389,2043.9394,17748
PS-18970,5537.067,52,468.12787,831.3294999999999,9552
PS-19045,40473.486,47,3668.1493600000003,10626.3761,4509
PT-19090,511.34,19,81.8144,129.9128,6303
PV-18985,18139.422000000002,52,446.25562,3117.463,7704
PW-19030,18199.396,48,204.78482000000002,4265.6781,11649
PW-19240,8644.191,39,410.1261075,3351.313,3777
QJ-19255,31324.594,61,981.57704,8011.9244,9567
RA-19285,11321.054,58,1333.2038400000001,2521.7088000000003,11040
RA-19885,18378.014000000003,53,456.61824000000007,5854.4316,12511
RA-19915,18386.807,75,2798.7776475,3154.0587,13157
RA-19945,5406.0255,27,806.74895625,2262.6476,5328
RB-19330,4449.296,16,876.3698599999999,759.6161999999999,4284
RB-19360,61131.753,71,189.14483,28240.9065,3118
RB-19435,10319.308,66,967.6462800000002,2833.4497,8933
RB-19465,21866.24,85,2398.98124,6825.222199999999,17349
RB-19570,2041.6460000000002,35,245.82880000000003,495.0677,2688
RB-19645,949.336,29,129.96096,305.2388,2115
RB-19705,7304.266,22,439.71425999999997,1356.8999000000001,3949
RB-19795,44480.920000000006,92,8943.470700000002,10606.5036,16083
RC-19825,2831.661,29,312.06921,398.107,5222
RC-19960,2809.6879999999996,44,359.97778000000005,998.9685,4397
RD-19480,26475.266,60,1886.7097600000002,2615.1018000000004,12911
RD-19585,14596.61,73,368.1600000000001,3809.5,10868
RD-19660,11361.455999999998,23,594.68416,3476.4688,1946
RD-19720,4780.559,78,405.59260000000006,1055.4018,12150
RD-19810,5103.795999999999,63,548.24256,1657.1879,12069
RD-19900,19615.768,85,2080.12928,2730.8312,9910
RD-19930,4199.888,33,692.3469200000002,526.7388,4419
RE-19405,241.8,5,38.688,30.225,0
RE-19450,3576.92,47,211.69344,1294.1196,3796
RF-19345,14491.944,67,74.52054,3091.4013999999997,7200
RF-19735,9166.628,53,172.78848,2916.7255999999998,11759
RF-19840,4727.478,45,46.159980000000004,1574.6575,6319
RH-19495,24550.304,38,1874.1905599999998,7699.497899999999,4429
RH-19510,32330.02,43,2056.416,7086.2173,5492
RH-19555,3630.666,11,586.24986,210.51089999999996,476
RH-19600,8663.818,43,920.49908,1833.8395,1023
RK-19300,6218.896000000001,29,56.172959999999996,1345.431,859
RL-19615,27170.812,101,3845.1040725000003,3923.914,12967
RM-19375,5548.738,29,100.18688000000002,1529.4399,6031
RM-19675,30285.7,39,2820.6518400000004,9765.336599999999,3607
RM-19750,242.29,4,0.0,61.7941,0
RO-19780,20279.649999999998,48,3943.42408,9376.5406,6923
RP-19270,3266.9996,47,410.87275776,1068.3292,2676
RP-19390,32681.68,88,1577.3252000000002,11218.7421,10431
RP-19855,7201.802,61,135.30172000000002,2239.6513999999997,9949
RR-19315,1154.1440000000002,7,240.56544000000002,109.9976,1176
RR-19525,15015.761999999999,36,344.44032000000004,3264.775,4212
RS-19420,11078.21,29,0.0,2427.5248,5922
RS-19765,21401.362,54,327.00992,6483.1139,12103
RS-19870,81.368,10,9.262080000000001,32.2548,1104
RW-19540,43053.677,89,1149.6369100000002,11563.937899999999,14471
RW-19630,12540.354,53,1529.0406400000002,2870.3496999999998,11848
RW-19690,25453.328,61,2469.8046800000006,5270.5645,5794
SA-20830,24294.6335,75,3586.1200662500005,3824.7372,17735
SB-20170,5617.156,24,331.54496000000006,884.8058000000001,5387
SB-20185,35409.871999999996,45,5637.639420000001,5346.110199999999,4763
SB-20290,41458.717000000004,84,7941.795210000001,13318.4577,8454
SC-20020,13607.5124,62,1715.77869824,3908.3118,2952
SC-20050,23283.660000000003,61,1217.2240000000002,5213.9741,11856
SC-20095,62679.326,87,957.8777600000001,26929.4863,11078
SC-20230,36104.874,49,5511.71584,3413.8262,1019
SC-20260,18467.623,63,1755.2546275,3979.3062,9358
SC-20305,18611.359,64,2697.63883,1426.1897,8501
SC-20380,36919.436,80,3911.9222399999994,10549.9385,16675
SC-20440,8274.25,44,549.7143400000001,2788.4489000000003,4168
SC-20575,6317.282,30,54.072120000000005,620.6509000000001,4905
SC-20680,5933.040000000001,26,0.0,1659.3812,4037
SC-20695,13466.923999999999,66,706.13504,3918.3007,8727
SC-20725,32070.658000000003,133,2114.36128,9226.9083,15158
SC-20770,17442.371,75,2914.29061,5310.2178,7733
SC-20800,666.896,11,74.19776000000002,115.1572,1647
SC-20845,870.888,13,139.34208,93.0615,849
SD-20485,23814.41,82,1058.5674199999999,7162.4596,9003
SE-20110,54899.518,78,1064.83434,17540.970100000002,12738
SF-20065,4038.1059999999998,35,71.65816000000001,1460.3131,5393
SF-20200,29460.134,74,454.86576,3979.1701999999996,8685
SF-20965,15185.535,66,1512.2894100000003,2852.6136,10851
SG-20080,10925.193,30,1281.6473075000001,1817.1584,829
SG-20470,9974.654,62,1418.2265,3160.5823,4358
SG-20605,20121.404000000002,49,209.51424,2341.2904,7087
SG-20890,159.766,17,17.16256,107.1779,4290
SH-19975,14409.9775,113,805.8080062500001,2791.1574,19724
SH-20395,8922.008,45,1669.7196599999997,2591.8105,7824
SH-20635,14636.792000000001,16,2341.8867200000004,2445.7078,345
SJ-20125,22049.284,104,2670.68214,4697.4979,9192
SJ-20215,4949.08,35,894.8084,479.5937,7039
SJ-20500,5592.888,30,64.80767999999999,2301.3613,3500
SK-19990,5528.517,19,1058.67405,998.0585000000001,1070
SL-20155,18213.984000000004,30,996.4710400000001,4179.1835,4672
SM-20005,1316.9299999999998,26,202.03008,736.6159,2036
SM-20320,146749.77,50,35586.022,12426.141500000002,5765
SM-20905,3727.475,20,630.13655,1140.6634999999999,0
SM-20950,30267.980000000003,94,2206.0009400000004,7517.5624,9604
SN-20560,8693.262,67,442.58351999999996,6172.9927,3116
SN-20710,17765.7576,89,1975.81489776,4087.6619,13345
SO-20335,10343.1775,52,1640.20209625,3033.524,6157
SP-20545,6228.582,43,404.89472,1661.0207,5864
SP-20620,30510.001,77,5205.221990000001,5900.2988000000005,16921
SP-20650,7752.268,71,984.4146400000001,2256.033,8197
SP-20860,20829.888,80,2510.9496599999998,4112.7754,9997
SP-20920,26775.023,57,5463.087189999999,791.7152,10110
SR-20425,14772.975,34,2789.00715,17625.496800000004,8957
SR-20740,22986.09,50,14.784000000000002,10792.812,6325
SS-20140,5144.496,86,69.16224,1977.5319,17094
SS-20410,16476.041,46,3061.30437,7917.318799999999,5486
SS-20515,5920.42,36,0.0,1782.8717000000001,2274
SS-20590,655.15,17,0.0,199.50869999999998,3901
SS-20875,2311.764,39,376.94494000000003,608.8622,5982
ST-20530,1270.016,33,165.21296,404.57169999999996,5571
SU-20665,7342.862,61,584.96412,2440.8669,7515
SV-20365,62921.520000000004,109,6937.787,12178.5738,32951
SV-20785,16628.997,91,2164.4421700000003,2862.5264,10742
SV-20815,8033.598,24,1142.1734400000003,1196.8274000000001,1795
SV-20935,12683.339,66,1821.24387,2748.0652,5839
SW-20245,4010.3059999999996,33,488.64970000000005,958.7059999999999,5949
SW-20275,13793.369999999999,28,0.5824000000000001,2074.4347,7116
SW-20350,4113.023999999999,25,573.58646,877.9761,1412
SW-20455,5807.459999999999,18,808.9216,1582.578,3886
SW-20755,2900.4559999999997,27,386.2169600000001,261.933,3720
SZ-20035,14240.971000000001,69,1884.5044300000002,2828.6715,11018
TA-21385,66671.696,36,7208.430080000001,21567.9803,6200
TB-21055,5894.353,66,243.59773,1630.6995,2441
TB-21175,25112.783999999996,36,101.65504000000001,6040.1587,7153
TB-21190,10916.556,23,966.68964,2327.4680000000003,2434
TB-21250,6936.616,74,678.89056,2260.7497,6260
TB-21280,9270.214,35,83.45694,2006.8335,4207
TB-21355,2980.916,44,129.34656,1045.4212,4290
TB-21400,37283.07,55,397.8816000000001,11488.9685,10825
TB-21520,28707.998,85,6343.30058,13395.3353,7380
TB-21595,6647.0109999999995,29,655.22923,1429.0957,4235
TB-21625,14088.928,60,2032.6504800000002,2220.9278,10415
TC-20980,92602.57400000001,42,58.354240000000004,44157.921500000004,4959
TC-21145,4828.4,17,0.0,1286.9816,0
TC-21295,24158.716,63,1094.67336,4284.177299999999,12033
TC-21475,4062.272,45,204.96672,1668.0308,6406
TC-21535,2055.8140000000003,28,22.62104,701.8686,5765
TD-20995,8641.956,67,1295.9057600000003,991.1997,13674
TG-21310,6249.356,30,652.0213600000001,2956.0978,2975
TG-21640,13267.213,50,1342.4945300000002,2659.5083,4990
TH-21100,10127.332,29,2043.6966400000001,1471.4007,1750
TH-21115,10279.184000000001,29,2028.3758400000002,1734.7642999999998,6917
TH-21235,3830.783,40,549.2013900000001,805.3904,8289
TH-21550,17238.584,44,1535.6974400000001,8231.4388,10951
TM-21010,17652.697999999997,67,179.86847999999998,3296.7351,12761
TM-21490,5227.978,12,33.60128,1394.2766,383
TN-21040,14994.975,48,2353.97105,6733.0758000000005,6330
TP-21130,23256.732,55,18.37312,5725.5399,10849
TP-21415,42511.4136,39,8648.76566256,8021.970599999999,3865
TP-21565,10646.256,48,1718.6329600000001,2739.4655,5636
TR-21325,2055.226,22,7.464960000000001,683.7538000000001,4424
TS-21085,10.449,4,2.19429,7.2468,538
TS-21160,8972.944,60,724.79102,2975.4242,8662
TS-21205,29226.958,67,3598.8492800000004,5494.8449,11681
TS-21340,6030.026,51,502.9080600000001,2775.1315,5773
TS-21370,52109.248999999996,59,3758.3881600000004,15211.9826,7463
TS-21430,13797.167999999998,31,622.54368,3235.6185,3957
TS-21505,7012.822,54,811.2746200000001,2599.3080999999997,10258
TS-21610,17500.388000000003,44,3208.4919200000004,3244.6155,10435
TS-21655,12942.797999999999,52,1478.92518,3184.0937,6512
TT-21070,25530.034000000003,66,3648.4006400000003,4051.3703000000005,9498
TT-21220,6978.328,55,720.1004800000002,1503.0301,5625
TT-21265,995.4000000000001,8,0.0,220.3596,876
TT-21460,26023.640000000003,48,2423.9248000000002,5981.878500000001,6853
TW-21025,34954.262,57,2605.1443200000003,6183.1445,5757
TZ-21580,6686.25,30,1019.6416000000002,887.3356999999999,3290
VB-21745,11538.188,37,333.62344,2502.6376,3398
VD-21670,31972.502,71,1586.8595200000004,9321.2234,4133
VF-21715,4484.46,35,848.8331999999999,1274.4904,8935
VG-21790,3746.8940000000002,32,387.74784000000005,808.965,5703
VG-21805,1200.1319999999998,16,177.11872000000002,309.387,3464
VM-21685,10190.71,37,383.58400000000006,2401.9339,9373
VM-21835,1371.862,25,39.45472000000001,605.7393,5908
VP-21730,3103.2659999999996,18,36.380160000000004,635.6976000000001,3363
VP-21760,19451.902000000002,65,3962.0623000000005,9174.7168,5697
VS-21820,5657.762999999999,38,1145.37445,1743.5439,4429
VT-21700,8102.732,42,1469.7833,1948.4310999999998,2424
VW-21775,34896.778,77,5271.50762,13649.4901,10950
WB-21850,31228.399999999998,146,4675.3347,6509.4065,20550
XP-21865,8676.214,100,599.91056,2430.3418,19927
YC-21895,27208.925999999996,31,708.2841600000002,7093.8072,3320
YS-21880,46478.992,58,4446.501120000001,13947.3389,7538
ZC-21910,40212.888999999996,105,3310.7179300000003,14580.9508,15511
ZD-21925,6492.448,32,794.6700800000001,1003.8097,4168
